{
	"class_name" : "PoseGraph",
	"edges" : 
	[
		{
			"class_name" : "PoseGraphEdge",
			"confidence" : 1.0,
			"information" : 
			[
				689.49704505205614,
				-13.260627038099445,
				-307.50004131767372,
				0.0,
				-696.37191087266808,
				49.327928265632067,
				-13.260627038099445,
				868.61953012903041,
				-44.117338108909131,
				696.37191087266808,
				0.0,
				-377.42492663673301,
				-307.50004131767372,
				-44.117338108909131,
				276.14017363414206,
				-49.327928265632067,
				377.42492663673301,
				0.0,
				0.0,
				696.37191087266808,
				-49.327928265632067,
				876.0,
				0.0,
				0.0,
				-696.37191087266808,
				0.0,
				377.42492663673301,
				0.0,
				876.0,
				0.0,
				49.327928265632067,
				-377.42492663673301,
				0.0,
				0.0,
				0.0,
				876.0
			],
			"source_node_id" : 0,
			"target_node_id" : 1,
			"transformation" : 
			[
				0.99452149653167043,
				0.00075805561917828589,
				0.1045295091736851,
				0.0,
				-0.10356341286864325,
				-0.12868507484682129,
				0.98626303338748056,
				0.0,
				0.014199029946162766,
				-0.99168522065389153,
				-0.12790156639087943,
				0.0,
				0.099835877553053606,
				0.74812299305420282,
				0.80957733453852221,
				1.0
			],
			"uncertain" : false,
			"version_major" : 1,
			"version_minor" : 0
		}
	],
	"nodes" : 
	[
		{
			"class_name" : "PoseGraphNode",
			"pose" : 
			[
				1.0,
				0.0,
				0.0,
				0.0,
				0.0,
				1.0,
				0.0,
				0.0,
				0.0,
				0.0,
				1.0,
				0.0,
				0.0,
				0.0,
				0.0,
				1.0
			],
			"version_major" : 1,
			"version_minor" : 0
		},
		{
			"class_name" : "PoseGraphNode",
			"pose" : 
			[
				0.994521496531664,
				-0.1035634128686433,
				0.014199029946164185,
				0.0,
				0.00075805561917732486,
				-0.12868507484681549,
				-0.99168522065388087,
				0.0,
				0.10452950917368348,
				0.98626303338747345,
				-0.12790156639088279,
				0.0,
				-0.18448076660778601,
				-0.69184459016177446,
				0.84403115203015433,
				1.0
			],
			"version_major" : 1,
			"version_minor" : 0
		}
	],
	"version_major" : 1,
	"version_minor" : 0
}