{
	"class_name" : "PoseGraph",
	"edges" : 
	[
		{
			"class_name" : "PoseGraphEdge",
			"confidence" : 1.0,
			"information" : 
			[
				7160.4716787627704,
				-202.8562043448687,
				-3027.6557785428122,
				0.0,
				-7288.5254384938071,
				717.99510949616786,
				-202.8562043448687,
				8826.8055622126849,
				-663.03932033674175,
				7288.5254384938071,
				0.0,
				-3493.3799979069991,
				-3027.6557785428122,
				-663.03932033674175,
				2403.4778266764315,
				-717.99510949616786,
				3493.3799979069991,
				0.0,
				0.0,
				7288.5254384938071,
				-717.99510949616786,
				8969.0,
				0.0,
				0.0,
				-7288.5254384938071,
				0.0,
				3493.3799979069991,
				0.0,
				8969.0,
				0.0,
				717.99510949616786,
				-3493.3799979069991,
				0.0,
				0.0,
				0.0,
				8969.0
			],
			"source_node_id" : 0,
			"target_node_id" : 1,
			"transformation" : 
			[
				0.99263755524404917,
				0.048243468671953477,
				0.11110018744188367,
				0.0,
				-0.098291970333145948,
				-0.215143062291027,
				0.97162346169494784,
				0.0,
				0.070776920582567557,
				-0.97539019396267745,
				-0.20881713778880662,
				0.0,
				0.071808681234467195,
				0.74512986963639583,
				0.86278032839926,
				1.0
			],
			"uncertain" : false,
			"version_major" : 1,
			"version_minor" : 0
		}
	],
	"nodes" : 
	[
		{
			"class_name" : "PoseGraphNode",
			"pose" : 
			[
				1.0,
				0.0,
				0.0,
				0.0,
				0.0,
				1.0,
				0.0,
				0.0,
				0.0,
				0.0,
				1.0,
				0.0,
				0.0,
				0.0,
				0.0,
				1.0
			],
			"version_major" : 1,
			"version_minor" : 0
		},
		{
			"class_name" : "PoseGraphNode",
			"pose" : 
			[
				0.99263755524404307,
				-0.098291970333146336,
				0.070776920582568334,
				0.0,
				0.048243468671952304,
				-0.21514306229102084,
				-0.97539019396266646,
				0.0,
				0.1111001874418821,
				0.9716234616949424,
				-0.20881713778880912,
				0.0,
				-0.20308269951454602,
				-0.67092987063794429,
				0.90187328945997192,
				1.0
			],
			"version_major" : 1,
			"version_minor" : 0
		}
	],
	"version_major" : 1,
	"version_minor" : 0
}